security_id,security_ticker,security_name,sector_id,sector
021490,DOMF,Dominion Stock Fund Limited,0806,CLOSE - END MUTUAL FUND
021900,HGFA,HBL Growth Fund,0806,CLOSE - END MUTUAL FUND
021902,INMF,Investec Mutual Fund Limited,0806,CLOSE - END MUTUAL FUND
021903,HIFA,HBL Investment Fund,0806,CLOSE - END MUTUAL FUND
021913,SINDM,Sindh Modaraba,0819,MODARABAS
021920,PUDF,Prudential Stocks Fund Limited,0806,CLOSE - END MUTUAL FUND
021940,TSMF,Tri-Star Mutual Fund Limited,0806,CLOSE - END MUTUAL FUND
030980,FANM,First Al-Noor Modaraba,0819,MODARABAS
031010,ARM,Allied Rental Modaraba,0819,MODARABAS
031040,BFMOD,B.F. Modaraba,0819,MODARABAS
031060,BRR,B.R.R. Guardian Modaraba,0819,MODARABAS
031120,FCONM,First Constellation Modaraba,0819,MODARABAS
031150,FIM,First Investec Modaraba,0819,MODARABAS
031180,FECM,First Elite Capital Modaraba,0819,MODARABAS
031220,FEM,First Equity Modaraba,0819,MODARABAS
031235,FFLM,First Fidelity Leasing Modaraba,0819,MODARABAS
031260,ORIXM,Orix Modaraba,0819,MODARABAS
031300,FHAM,First Habib Modaraba,0819,MODARABAS
031305,HMM,Habib Metro Mod,0819,MODARABAS
031310,FTMM,First Treet Manufacturing Modaraba,0819,MODARABAS
031330,FIBLM,First IBL Modaraba,0819,MODARABAS
031350,FIMM,First Imrooz Modaraba,0819,MODARABAS
031355,PIM,Popular Islamic Modaraba,0819,MODARABAS
031420,KASBM,KASB Modaraba,0819,MODARABAS
031430,MODAM,Modaraba Al-Mali,0819,MODARABAS
031435,ORM,Orient Rental Mod,0819,MODARABAS
031450,FNBM,First National Bank Modaraba,0819,MODARABAS
031500,PAKMI,First Pak Modaraba,0819,MODARABAS
031510,FPRM,First Paramount Modaraba,0819,MODARABAS
031580,PMI,First Prudential Modaraba,0819,MODARABAS
031640,FPJM,First Punjab Modaraba,0819,MODARABAS
031720,FTSM,First Tri-Star Modaraba,0819,MODARABAS
031760,TRSM,Trust Modaraba,0819,MODARABAS
031780,FUDLM,First UDL Modaraba,0819,MODARABAS
031800,UCAPM,Unicap Modaraba,0819,MODARABAS
041018,CPAL,Capital Assets Leasing Corporation,0815,LEASING COMPANIES
041022,ENGL,English Leasing Limited,0815,LEASING COMPANIES
041032,GRYL,Grays Leasing Limited,0815,LEASING COMPANIES
041080,OLPL,Orix Leasing Pakistan Limited,0815,LEASING COMPANIES
041097,PGLC,Pak-Gulf Leasing Company Limited,0815,LEASING COMPANIES
041100,PICL,Pakistan Industrial & Commercial Leasing Ltd.,0815,LEASING COMPANIES
041110,SLL,SME Leasing Limited,0815,LEASING COMPANIES
041135,SLCL,Security Leasing Corporation Limited,0815,LEASING COMPANIES
041140,SPLC,Saudi Pak Leasing Company Limited,0815,LEASING COMPANIES
041146,SLCPA,Security Leasing Corp.9.10%(Pref),0815,LEASING COMPANIES
050950,AMSL,Al-Mal Securities & Services Limited,0813,INV. BANKS / INV. COS. / SECURITIES COS.
050955,MCBAH,MCB-Arif Habib Savings and Invest,0813,INV. BANKS / INV. COS. / SECURITIES COS.
050960,AHL,Arif Habib Limited,0813,INV. BANKS / INV. COS. / SECURITIES COS.
050970,AHCL,Arif Habib Corporation Limited,0809,FERTILIZER
050990,ICIBL,Invest Capital Investment Bank Limited,0813,INV. BANKS / INV. COS. / SECURITIES COS.
051023,FDIBL,First Dawood Investment Bank Limited,0813,INV. BANKS / INV. COS. / SECURITIES COS.
051033,JSCL,Jahangir Siddiqui & Co. Ltd.,0813,INV. BANKS / INV. COS. / SECURITIES COS.
051034,BIPLS,BIPL Securities Limited,0813,INV. BANKS / INV. COS. / SECURITIES COS.
051037,NEXT,Next Capital Limited,0813,INV. BANKS / INV. COS. / SECURITIES COS.
051040,AMBL,Apna Microfinance Bank Limited,0813,INV. BANKS / INV. COS. / SECURITIES COS.
051042,ESBL,Escorts Investment Bank Limited,0813,INV. BANKS / INV. COS. / SECURITIES COS.
051046,FCEL,First Capital Equities Limited,0813,INV. BANKS / INV. COS. / SECURITIES COS.
051047,PSX,Pakistan Stock Exchange Limited,0813,INV. BANKS / INV. COS. / SECURITIES COS.
051055,FCSC,First Capital Securities Corporation,0813,INV. BANKS / INV. COS. / SECURITIES COS.
051058,FCIBL,First Credit and Investment Bank Limited,0813,INV. BANKS / INV. COS. / SECURITIES COS.
051065,EFGH,EFG Hermes Pakistan Limited,0813,INV. BANKS / INV. COS. / SECURITIES COS.
051070,FNEL,First National Equities Limited,0813,INV. BANKS / INV. COS. / SECURITIES COS.
051087,JSIL,JS Investments Limited,0813,INV. BANKS / INV. COS. / SECURITIES COS.
051090,JSGCL,JS Global Capital Limited,0813,INV. BANKS / INV. COS. / SECURITIES COS.
051099,786,786 Investments Limited,0813,INV. BANKS / INV. COS. / SECURITIES COS.
051102,DEL,Dawood Equities Limited,0813,INV. BANKS / INV. COS. / SECURITIES COS.
051105,PASL,Pervez Ahmed Consultancy Services Ltd.,0813,INV. BANKS / INV. COS. / SECURITIES COS.
051110,PDGH,Prudential Discourt & Guarantee House Ltd.,0813,INV. BANKS / INV. COS. / SECURITIES COS.
051120,PRIB,Prudential Investment Bank Limited,0813,INV. BANKS / INV. COS. / SECURITIES COS.
051140,SIBL,Security Investment Bank Limited,0813,INV. BANKS / INV. COS. / SECURITIES COS.
051150,TRIBL,Trust Investment Bank Limited,0813,INV. BANKS / INV. COS. / SECURITIES COS.
051155,TSBL,Trust Securities & Brokerage Limited,0813,INV. BANKS / INV. COS. / SECURITIES COS.
060960,ABL,Allied Bank Limited,0807,COMMERCIAL BANKS
060970,SMBL,Summit Bank Limited,0807,COMMERCIAL BANKS
060980,AKBL,Askari Bank Limited,0807,COMMERCIAL BANKS
061000,BAFL,Bank Alfalah Limited,0807,COMMERCIAL BANKS
061004,BIPL,BankIslami Pakistan Limited,0807,COMMERCIAL BANKS
061005,BOK,The Bank of Khyber,0807,COMMERCIAL BANKS
061010,BAHL,Bank AL Habib Limited,0807,COMMERCIAL BANKS
061030,BOP,The Bank of Punjab,0807,COMMERCIAL BANKS
061045,FABL,Faysal Bank Limited,0807,COMMERCIAL BANKS
061050,HBL,Habib Bank Limited,0807,COMMERCIAL BANKS
061094,MEBL,Meezan Bank Limited,0807,COMMERCIAL BANKS
061095,NBP,National Bank of Pakistan,0807,COMMERCIAL BANKS
061097,HMB,Habib Metropolitan Bank Limited,0807,COMMERCIAL BANKS
061098,MCB,MCB Bank Limited,0807,COMMERCIAL BANKS
061104,JSBL,JS Bank Limited,0807,COMMERCIAL BANKS
061114,SBL,Samba Bank Limited,0807,COMMERCIAL BANKS
061135,SILK,Silkbank Limited,0807,COMMERCIAL BANKS
061150,SNBL,Soneri Bank Limited,0807,COMMERCIAL BANKS
061153,SCBPL,Standard Chartered Bank (Pak) Ltd,0807,COMMERCIAL BANKS
061180,UBL,United Bank Limited,0807,COMMERCIAL BANKS
071000,AICL,Adamjee Insurance Company Limited,0812,INSURANCE
071010,IGIL,IGI Life Insurance Limited,0812,INSURANCE
071020,ASIC,Asia Insurance Company Limited,0812,INSURANCE
071025,AGIC,Askari General Insurance Company Limited,0812,INSURANCE
071030,BIIC,Business & Industrial Insurance Company Ltd.,0812,INSURANCE
071040,CYAN,Cyan Limited,0812,INSURANCE
071060,CENI,Century Insurance Company Limited,0812,INSURANCE
071070,JLICL,Jubilee Life Insurance Company Limited,0812,INSURANCE
071080,CSIL,Crescent Star Insurance Limited,0812,INSURANCE
071100,EFUG,EFU General Insurance Limited,0812,INSURANCE
071110,EFUL,EFU Life Assurance Limited,0812,INSURANCE
071120,EWIC,East West Insurance Company Limited,0812,INSURANCE
071140,HICL,Habib Insurance Company Limited,0812,INSURANCE
071160,IGIHL,IGI Holdings Limited,0812,INSURANCE
071210,ALAC,Askari Life Assurance Company Limited,0812,INSURANCE
071214,ALACR4,Askari Life (R),0812,INSURANCE
071220,ATIL,Atlas Insurance Limited,0812,INSURANCE
071260,JGICL,Jubilee General Insurance Limited,0812,INSURANCE
071265,PIL,PICIC Insurance Limited,0812,INSURANCE
071275,PKGI,The Pakistan General Insurance Co. Ltd.,0812,INSURANCE
071310,PAKRI,Pakistan Reinsurance Company Limited,0812,INSURANCE
071400,PINL,Premier Insurance Limited,0812,INSURANCE
071420,PRIC,Progressive Insurance Company Limited,0812,INSURANCE
071440,HCL,Hallmark Company Limited,0828,TECHNOLOGY & COMMUNICATION
071460,RICL,Reliance Insurance Company Limited,0812,INSURANCE
071470,SHNI,Shaheen Insurance Company Limited,0812,INSURANCE
071480,SSIC,Silver Star Insurance Company Limited,0812,INSURANCE
071490,TPLI,TPL Insurance Limited,0812,INSURANCE
071500,SICL,Standard Insurance Company Limited,0812,INSURANCE
071560,UNIC,The United Insurance Company,0812,INSURANCE
071580,UVIC,The Universal Insurance Company Limited,0812,INSURANCE
081080,AATM,Ali Asghar Textile Mills Limited,0830,TEXTILE SPINNING
081090,AMTEX,Amtex Limited,0830,TEXTILE SPINNING
081100,AWTX,Allawasaya Tex. & Finishing Mills Ltd,0830,TEXTILE SPINNING
081180,ANNT,Annoor Textile Mills Limited,0830,TEXTILE SPINNING
081220,APOT,Apollo Textile Mills Limited,0830,TEXTILE SPINNING
081225,ASTM,Asim Textile Mills Limited,0830,TEXTILE SPINNING
081280,AZMT,Azmat Textile Mills Limited,0830,TEXTILE SPINNING
081300,BCML,Babri Cotton Mills Limited,0830,TEXTILE SPINNING
081325,BILF,Bilal Fibres Limited,0830,TEXTILE SPINNING
081420,CWSM,Chakwal Spinning Mills Limited,0830,TEXTILE SPINNING
081450,HIRAT,Hira Textile Mills Limited,0830,TEXTILE SPINNING
081470,CFL,Crescent Fibres Limited,0830,TEXTILE SPINNING
081502,DSML,Dar-es-Salaam Textile Mills Limited,0830,TEXTILE SPINNING
081503,DATM,Data Textiles Limited,0830,TEXTILE SPINNING
081504,DFSM,Dewan Farooque Spinning Mills Limited,0830,TEXTILE SPINNING
081505,DKTM,Dewan Khalid Textile Mills Limited,0830,TEXTILE SPINNING
081510,DMTM,Dewan Mushtaq Textile Mills Limited,0830,TEXTILE SPINNING
081520,DWTM,Dewan Textile Mills Limited,0830,TEXTILE SPINNING
081530,DINT,Din Textile Mills Limited,0830,TEXTILE SPINNING
081560,DMIL,D.M. Industries Limited,0830,TEXTILE SPINNING
081565,DSIL,D.S. Industries Limited,0830,TEXTILE SPINNING
081580,ELCM,Elahi Cotton Mills Limited,0830,TEXTILE SPINNING
081600,ELSM,Ellcot Spinning Mills Limited,0830,TEXTILE SPINNING
081630,FAEL,Fatima Enterprises Limited,0830,TEXTILE SPINNING
081680,FZCM,Fazal Cloth Mills Limited,0830,TEXTILE SPINNING
081725,GADT,Gadoon Textile Mills Limited,0830,TEXTILE SPINNING
081740,GLOT,Globe Textile Mills Limited,0830,TEXTILE SPINNING
081790,GUSM,Gulistan Spinning Mills Limited,0830,TEXTILE SPINNING
081800,GUTM,Gulistan Textile Mills Limited,0830,TEXTILE SPINNING
081820,GSPM,Gulshan Spinning Mills Limited,0830,TEXTILE SPINNING
081825,HMIM,Haji Mohammad Ismail Mills Limited,0830,TEXTILE SPINNING
081840,HAJT,Hajra Textile Mills Limited,0830,TEXTILE SPINNING
081910,IDSM,Ideal Spinning Mills Limited,0830,TEXTILE SPINNING
081913,IDRT,Idrees Textile Mills Limited,0830,TEXTILE SPINNING
081920,IDYM,Indus Dyeing & Manufacturing Co. Limited,0830,TEXTILE SPINNING
081960,ILTM,Island Textile Mills Limited,0830,TEXTILE SPINNING
081990,JATM,J.A. Textile Mills Limited,0830,TEXTILE SPINNING
081995,JKSM,J.K. Spinning Mills Limited,0830,TEXTILE SPINNING
082000,JDMT,Janana De Malucho Textile Mills Limited,0830,TEXTILE SPINNING
082080,AAL,Agro Allianz Limited,0830,TEXTILE SPINNING
082120,KSTM,Khalid Siraj Textile Mills Limited,0830,TEXTILE SPINNING
082140,KHSM,Khurshid Spinning Mills Limited,0830,TEXTILE SPINNING
082160,KOHTM,Kohat Textile Mills Limited,0830,TEXTILE SPINNING
082200,KOSM,Kohinoor Spinning Mills Limited,0830,TEXTILE SPINNING
082230,LMSM,Landmark Spinning Industries Limited,0830,TEXTILE SPINNING
082240,MQTM,Maqbool Textile Mills Limited,0830,TEXTILE SPINNING
082325,NATM,Nadeem Textile Mills Limited,0830,TEXTILE SPINNING
082340,NAGC,Nagina Cotton Mills Limited,0830,TEXTILE SPINNING
082365,NCML,Nazir Cotton Mills Limited,0830,TEXTILE SPINNING
082440,OML,Olympia Mills Limited,0818,MISCELLANEOUS
082460,PRET,Premium Textile Mills Limited,0830,TEXTILE SPINNING
082500,RAVT,Ravi Textile Mills Limited,0830,TEXTILE SPINNING
082545,RCML,Reliance Cotton Spinning Mills Limited,0830,TEXTILE SPINNING
082550,RUBY,Ruby Textile Mills Limited,0830,TEXTILE SPINNING
082570,SAIF,Saif Textile Mills Limited,0830,TEXTILE SPINNING
082620,SALT,Salfi Textile Mills Limited,0830,TEXTILE SPINNING
082640,SLYT,Sally Textile Mills Limited,0830,TEXTILE SPINNING
082650,SANE,Salman Noman Enterprises Limited,0830,TEXTILE SPINNING
082660,SNAI,Sana Industries Limited,0830,TEXTILE SPINNING
082720,SSML,Saritow Spinning Mills Limited,0830,TEXTILE SPINNING
082740,SERT,Service Industries Textiles Limited,0830,TEXTILE SPINNING
082780,SHDT,Shadab Textile Mills Limited,0830,TEXTILE SPINNING
082800,SHCM,Shadman Cotton Mills Limited,0830,TEXTILE SPINNING
082860,SZTM,Shahzad Textile Mills Limited,0830,TEXTILE SPINNING
082950,SUTM,Sunrays Textile Mills Limited,0830,TEXTILE SPINNING
082985,UNITY,Unity Foods Limited,0834,VANASPATI & ALLIED INDUSTRIES
082990,TATM,Tata Textile Mills Limited,0830,TEXTILE SPINNING
091010,ASHT,Ashfaq Textile Mills Limited,0831,TEXTILE WEAVING
091060,HKKT,Hakkim Textile Mills Limited,0831,TEXTILE WEAVING
091070,ICCI,ICC Industries Limited,0831,TEXTILE WEAVING
091130,MOHE,Mohib Exports Limited,0831,TEXTILE WEAVING
091160,FML,Feroze1888 Mills Limited,0829,TEXTILE COMPOSITE
091183,PRWM,Prosperity Weaving Mills Limited,0831,TEXTILE WEAVING
091190,SDOT,Sadoon Textile Industries Limited,0831,TEXTILE WEAVING
091198,SMTM,Samin Textiles Limited,0831,TEXTILE WEAVING
091200,SERF,Service Fabrics Limited,0831,TEXTILE WEAVING
091205,STJT,Shahtaj Textile Limited,0831,TEXTILE WEAVING
091220,YOUW,Yousaf Weaving Mills Limited,0831,TEXTILE WEAVING
091240,ZTL,Zephyr Textiles Limited,0831,TEXTILE WEAVING
101010,AHTM,Ahmad Hassan Textile Mills Limited,0829,TEXTILE COMPOSITE
101025,ADMM,Artistic Denim Mills Limited,0829,TEXTILE COMPOSITE
101030,ARUJ,Aruj Industries Limited,0829,TEXTILE COMPOSITE
101070,BHAT,Bhanero Textile Mills Limited,0829,TEXTILE COMPOSITE
101092,CHBL,Chenab Limited,0829,TEXTILE COMPOSITE
101095,CLCPS,Chenab Limited (Pref),0829,TEXTILE COMPOSITE
101120,COST,(Colony) Sarhad Textile Mills Limited,0829,TEXTILE COMPOSITE
101160,CRTM,The Crescent Textile Mills Limited,0829,TEXTILE COMPOSITE
101165,NCL,Nishat Chunian Limited,0829,TEXTILE COMPOSITE
101180,DLL,Dawood Lawrencepur Limited,0829,TEXTILE COMPOSITE
101185,REWM,Reliance Weaving Mills Limited,0829,TEXTILE COMPOSITE
101190,FSWL,Fateh Sports Wear Limited,0829,TEXTILE COMPOSITE
101195,FTHM,Fateh Textile Mills Limited,0829,TEXTILE COMPOSITE
101198,GFIL,Ghazi Fabrics International Limited,0829,TEXTILE COMPOSITE
101200,GATM,Gul Ahmed Textile Mills Limited,0829,TEXTILE COMPOSITE
101220,HAFL,Hafiz Limited,0829,TEXTILE COMPOSITE
101230,HAEL,Hala Enterprises Limited,0829,TEXTILE COMPOSITE
101240,HATM,Hamid Textile Mills Limited,0829,TEXTILE COMPOSITE
101260,HUSI,Husein Industries Limited,0829,TEXTILE COMPOSITE
101270,INKL,International Knitwear Limited,0829,TEXTILE COMPOSITE
101274,ILP,Interloop Limited,0829,TEXTILE COMPOSITE
101280,ANTM,AN Textile Mills Limited,0829,TEXTILE COMPOSITE
101300,JUBS,Jubilee Spinning & Weaving Mills Ltd.,0829,TEXTILE COMPOSITE
101310,KAKL,Kaiser Arts & Krafts Limited,0829,TEXTILE COMPOSITE
101320,KHYT,Khyber Textile Mills Limited,0829,TEXTILE COMPOSITE
101330,KML,Kohinoor Mills Limited,0829,TEXTILE COMPOSITE
101340,KOIL,Kohinoor Industries Limited,0829,TEXTILE COMPOSITE
101350,BTL,Blessed Textiles Limited,0829,TEXTILE COMPOSITE
101360,KTML,Kohinoor Textile Mills Limited,0829,TEXTILE COMPOSITE
101362,ANL,Azgard Nine Limited,0829,TEXTILE COMPOSITE
101365,MEHT,Mehmood Textile Mills Limited,0829,TEXTILE COMPOSITE
101367,ANLPS,Azgard Nine 8.95%(Pref),0829,TEXTILE COMPOSITE
101369,ANLNV,Azgard Nine Non-Voting Ordinary Shares,0829,TEXTILE COMPOSITE
101375,MTIL,Mian Textile Industries Limited,0829,TEXTILE COMPOSITE
101400,MFTM,Mohammad Farooq Textile Mills Limited,0829,TEXTILE COMPOSITE
101410,MUBT,Mubarak Textile Mills Limited,0829,TEXTILE COMPOSITE
101425,NINA,Nina Industries Limited,0829,TEXTILE COMPOSITE
101440,NML,Nishat Mills Limited,0829,TEXTILE COMPOSITE
101465,REDCO,Redco Textiles Limited,0829,TEXTILE COMPOSITE
101468,SFAT,Safa Textiles Limited,0829,TEXTILE COMPOSITE
101469,SFL,Sapphire Fibres Limited,0829,TEXTILE COMPOSITE
101470,SCHT,Schon Textiles Limited,0829,TEXTILE COMPOSITE
101480,STML,Shams Textile Mills Limited,0829,TEXTILE COMPOSITE
101510,SURC,Suraj Cotton Mills Limited,0829,TEXTILE COMPOSITE
101515,TAJT,Taj Textile Mills Limited,0829,TEXTILE COMPOSITE
101522,TOWL,Towellers Limited,0829,TEXTILE COMPOSITE
101525,USMT,Usman Textile Mills Limited,0829,TEXTILE COMPOSITE
101527,ZAHID,Zahidjee Textile Mills Limited,0829,TEXTILE COMPOSITE
101530,ZHCM,Zahur Cotton Mills Limited,0829,TEXTILE COMPOSITE
101625,FASM,Faisal Spinning Mills Limited,0829,TEXTILE COMPOSITE
102260,MSOT,Masood Textile Mills Limited,0829,TEXTILE COMPOSITE
102265,MSOTPS,Masood Textile (Pref),0829,TEXTILE COMPOSITE
102450,PASM,Paramount Spinning Mills Limited,0829,TEXTILE COMPOSITE
102480,QUET,Quetta Textile Mills Limited,0829,TEXTILE COMPOSITE
102700,SAPT,Sapphire Textile Mills Limited,0829,TEXTILE COMPOSITE
110980,BNWM,Bannu Woollen Mills Limited,0835,WOOLLEN
111080,BNL,Bunnys Limited,0835,WOOLLEN
120960,AGL,Agritech Limited,0805,CHEMICAL
120965,AGLNCPS,"Agritech Non-Voting (Pref) Class 'A""",0805,CHEMICAL
121000,AASM,Al-Abid Silk Mills Limited,0827,SYNTHETIC & RAYON
121040,DSFL,Dewan Salman Fibre Limited,0827,SYNTHETIC & RAYON
121070,GATI,Gatron (Industries) Limited,0827,SYNTHETIC & RAYON
121074,IBFL,Ibrahim Fibres Limited,0827,SYNTHETIC & RAYON
121110,NAFL,National Fibres Limited,0827,SYNTHETIC & RAYON
121120,NSRM,The National Silk & Rayon Mills Limited,0827,SYNTHETIC & RAYON
121180,PSYL,Pakistan Synthetics Limited,0827,SYNTHETIC & RAYON
121240,RUPL,Rupali Polyester Limited,0827,SYNTHETIC & RAYON
121242,SGABL,SG.Allied Businsses Limited,0827,SYNTHETIC & RAYON
121251,TRPOL,Tri-Star Polyester Limited,0827,SYNTHETIC & RAYON
131020,CJPL,Crescent Jute Products Limited,0814,JUTE
131140,SUHJ,Suhail Jute Mills Limited,0814,JUTE
131160,THALL,Thal Limited,0802,AUTOMOBILE PARTS & ACCESSORIES
141000,ADAMS,Adam Sugar Mills Limited,0826,SUGAR & ALLIED INDUSTRIES
141010,AABS,Al-Abbas Sugar Mills Limited,0826,SUGAR & ALLIED INDUSTRIES
141020,AGSML,Abdullah Shah Ghazi Sugar Mills Limited,0826,SUGAR & ALLIED INDUSTRIES
141040,ALNRS,Al-Noor Sugar Mills Limited,0826,SUGAR & ALLIED INDUSTRIES
141060,ANSM,Ansari Sugar Mills Limited,0826,SUGAR & ALLIED INDUSTRIES
141080,BAFS,Baba Farid Sugar Mills Limited,0826,SUGAR & ALLIED INDUSTRIES
141170,CHAS,Chashma Sugar Mills Limited,0826,SUGAR & ALLIED INDUSTRIES
141175,IMSL,Imperial Sugar Limited,0826,SUGAR & ALLIED INDUSTRIES
141180,CCM,Crescent Cotton Mills Limited,0830,TEXTILE SPINNING
141200,DWSM,Dewan Sugar Mills Limited,0826,SUGAR & ALLIED INDUSTRIES
141210,FCEPL,Frieslandcampins Engro Foods Limited,0810,FOOD & PERSONAL CARE PRODUCTS
141220,FRSM,Faran Sugar Mills Limited,0826,SUGAR & ALLIED INDUSTRIES
141320,HABSM,Habib Sugar Mills Limited,0826,SUGAR & ALLIED INDUSTRIES
141340,HRPL,Habib Rice Product Limited.,0826,SUGAR & ALLIED INDUSTRIES
141350,HWQS,Haseeb Waqas Sugar Mills Limited,0826,SUGAR & ALLIED INDUSTRIES
141360,HSM,Husein Sugar Mills Limited,0826,SUGAR & ALLIED INDUSTRIES
141390,JDWS,JDW Sugar Mills Limited,0826,SUGAR & ALLIED INDUSTRIES
141395,KPUS,Khairpur Sugar Mills Limited,0826,SUGAR & ALLIED INDUSTRIES
141400,JSML,Jauharabad Sugar Mills Limited,0826,SUGAR & ALLIED INDUSTRIES
141420,MRNS,Mehran Sugar Mills Limited,0826,SUGAR & ALLIED INDUSTRIES
141440,MIRKS,Mirpurkhas Sugar Mills Limited,0826,SUGAR & ALLIED INDUSTRIES
141460,NONS,Noon Sugar Mills Limited,0826,SUGAR & ALLIED INDUSTRIES
141500,PMRS,The Premier Sugar Mills,0826,SUGAR & ALLIED INDUSTRIES
141520,SKRS,Sakrand Sugar Mills Limited,0826,SUGAR & ALLIED INDUSTRIES
141540,SANSM,Sanghar Sugar Mills Limited,0826,SUGAR & ALLIED INDUSTRIES
141560,SHJS,Shahtaj Sugar Mills Limited,0826,SUGAR & ALLIED INDUSTRIES
141580,SHSML,Shahmurad Sugar Mills Limited,0826,SUGAR & ALLIED INDUSTRIES
141600,SML,Shakarganj Limited,0826,SUGAR & ALLIED INDUSTRIES
141620,SASML,Sindh Abadgar's Sugar Mills Limited,0826,SUGAR & ALLIED INDUSTRIES
141630,TSML,Tandlianwala Sugar Mills Limited,0826,SUGAR & ALLIED INDUSTRIES
141640,TICL,The Thal Industries Corporation Limited,0826,SUGAR & ALLIED INDUSTRIES
150940,ACPL,Attock Cement Pakistan Limited,0804,CEMENT
150960,BWCL,Bestway Cement Limited,0804,CEMENT
151000,CHCC,Cherat Cement Company Limited,0804,CEMENT
151010,DBCI,Dadabhoy Cement Industries Limited,0804,CEMENT
151040,DNCC,Dandot Cement Company Limited,0804,CEMENT
151050,DGKC,D.G. Khan Cement Company Limited,0804,CEMENT
151060,POWER,Power Cement Limited,0804,CEMENT
151064,POWERPS,Power Cement (Pref),0804,CEMENT
151065,FCCL,Fauji Cement Company Limited,0804,CEMENT
151070,FECTC,Fecto Cement Limited,0804,CEMENT
151075,FLYNG,Flying Cement Company Limited,0804,CEMENT
151080,GWLC,Gharibwal Cement Limited,0804,CEMENT
151100,JVDC,Javedan Corporation Limited,0804,CEMENT
151102,JVDCPS,Javedan Corporation (Pref),0804,CEMENT
151103,KOHC,Kohat Cement Company Limited,0804,CEMENT
151105,LUCK,Lucky Cement Limited,0804,CEMENT
151110,MLCF,Maple Leaf Cement Factory Limited,0804,CEMENT
151140,DCL,Dewan Cement Limited,0804,CEMENT
151150,PIOC,Pioneer Cement Limited,0804,CEMENT
151155,SMCPL,Safe Mix Concrete Limited,0804,CEMENT
151160,THCCL,Thatta Cement Company Limited,0804,CEMENT
151180,ZELP,Zeal Pak Cement Factory Limited,0804,CEMENT
161000,KHTC,Khyber Tobacco Company Limited,0832,TOBACCO
161020,PMPK,Philip Morris (Pakistan) Limited,0832,TOBACCO
161040,PAKT,Pakistan Tobacco Company Limited,0832,TOBACCO
171000,ATRL,Attock Refinery Limited,0825,REFINERY
171010,BYCO,Byco Petroleum Pakistan Limited,0825,REFINERY
171080,NRL,National Refinery Limited,0825,REFINERY
171140,PRL,Pakistan Refinery Limited,0825,REFINERY
180980,ALTN,Altern Energy Limited,0824,POWER GENERATION & DISTRIBUTION
180990,EPQL,Engro Powergen Qadirpur Limited,0824,POWER GENERATION & DISTRIBUTION
181035,AEL,Arshad Energy Limited,0824,POWER GENERATION & DISTRIBUTION
181037,JPGL,Japan Power Generation Limited,0824,POWER GENERATION & DISTRIBUTION
181050,HUBC,The Hub Power Company Limited,0824,POWER GENERATION & DISTRIBUTION
181060,KEL,K-Electric Limited,0824,POWER GENERATION & DISTRIBUTION
181062,KOHE,Kohinoor Energy Limited,0824,POWER GENERATION & DISTRIBUTION
181070,KOHP,Kohinoor Power Company Limited,0824,POWER GENERATION & DISTRIBUTION
181075,LPL,Lalpir Power Limited,0824,POWER GENERATION & DISTRIBUTION
181080,KAPCO,Kot Addu Power Company Limited,0824,POWER GENERATION & DISTRIBUTION
181085,NCPL,Nishat Chunian Power Limited,0824,POWER GENERATION & DISTRIBUTION
181090,NPL,Nishat Power Limited,0824,POWER GENERATION & DISTRIBUTION
181095,PKGP,Pakgen Power Limited,0824,POWER GENERATION & DISTRIBUTION
181100,SPWL,Saif Power Limited,0824,POWER GENERATION & DISTRIBUTION
181165,SGPL,S.G. Power Limited,0824,POWER GENERATION & DISTRIBUTION
181175,SEL,Sitara Energy Limited,0824,POWER GENERATION & DISTRIBUTION
181220,TSPL,Tri-Star Power Limited,0824,POWER GENERATION & DISTRIBUTION
191000,APL,Attock Petroleum Limited,0821,OIL & GAS MARKETING COMPANIES
191160,PSO,Pakistan State Oil Company Limited,0821,OIL & GAS MARKETING COMPANIES
191168,BPL,Burshane LPG (Pakistan) Limited,0821,OIL & GAS MARKETING COMPANIES
191170,SHEL,Shell Pakistan Limited,0821,OIL & GAS MARKETING COMPANIES
191180,SSGC,Sui Southern Gas Company Limited,0821,OIL & GAS MARKETING COMPANIES
191200,SNGP,Sui Northern Gas Pipelines Limited,0821,OIL & GAS MARKETING COMPANIES
201040,HASCOL,Hascol Petroleum Limited,0821,OIL & GAS MARKETING COMPANIES
201050,HTL,Hi-Tech Lubricants Limited,0821,OIL & GAS MARKETING COMPANIES
201075,MARI,Mari Petroleum Company Limited,0820,OIL & GAS EXPLORATION COMPANIES
201080,OGDC,Oil & Gas Development Company Limited,0820,OIL & GAS EXPLORATION COMPANIES
201120,POL,Pakistan Oilfields Limited,0820,OIL & GAS EXPLORATION COMPANIES
201130,PPL,Pakistan Petroleum Limited,0820,OIL & GAS EXPLORATION COMPANIES
210980,ADOS,Ados Pakistan Limited,0808,ENGINEERING
211010,ASL,Aisha Steel Mills Limited,0808,ENGINEERING
211011,ASLPS,Aisha Steel Convertible (Pref),0808,ENGINEERING
211013,ASLCPS,Aisha Steel Convt (Pref) Right,0808,ENGINEERING
211014,ASTL,Amreli Steels Limited,0808,ENGINEERING
211020,BCL,Bolan Castings Limited,0808,ENGINEERING
211030,DADX,Dadex Eternit Limited,0808,ENGINEERING
211035,DSL,Dost Steels Limited,0808,ENGINEERING
211040,CSAP,Crescent Steel & Allied Products Limited,0808,ENGINEERING
211050,DKL,Drekkar Kingsway Limited,0808,ENGINEERING
211080,HSPI,Huffaz Seamless Pipe Industries Limited,0808,ENGINEERING
211100,INIL,International Industries Limited,0808,ENGINEERING
211110,ISL,International Steels Limited,0808,ENGINEERING
211115,ITTEFAQ,Ittefaq Iron Industries Limited,0808,ENGINEERING
211140,KSBP,KSB Pumps Company Limited,0808,ENGINEERING
211145,MUGHAL,Mughal Iron & Steel Industries Limited,0808,ENGINEERING
211160,MSCL,Metropolitan Steel Corporation Limited,0808,ENGINEERING
211200,PECO,Pakistan Engineering Company Limited,0808,ENGINEERING
211220,QUSW,Quality Steel Works Limited,0808,ENGINEERING
221020,AGTL,Al-Ghazi Tractors Limited,0801,AUTOMOBILE ASSEMBLER
221100,ATLH,Atlas Honda Limited,0801,AUTOMOBILE ASSEMBLER
221150,DFML,Dewan Farooque Motors Limited,0801,AUTOMOBILE ASSEMBLER
221160,GAIL,Ghani Automobile Industries Limited,0801,AUTOMOBILE ASSEMBLER
221175,GHNI,Ghandhara Industries Limited,0801,AUTOMOBILE ASSEMBLER
221190,GHNL,Ghandhara Nissan Limited,0801,AUTOMOBILE ASSEMBLER
221200,HINO,Hinopak Motors Limited,0801,AUTOMOBILE ASSEMBLER
221205,HCAR,Honda Atlas Cars (Pakistan) Limited,0801,AUTOMOBILE ASSEMBLER
221210,INDU,Indus Motor Company Limited,0801,AUTOMOBILE ASSEMBLER
221220,MTL,Millat Tractors Limited,0801,AUTOMOBILE ASSEMBLER
221260,PSMC,Pak Suzuki Motor Company Limited,0801,AUTOMOBILE ASSEMBLER
221270,SAZEW,Sazgar Engineering Works Limited,0801,AUTOMOBILE ASSEMBLER
231000,AGIL,Agriauto Industries Limited,0802,AUTOMOBILE PARTS & ACCESSORIES
231040,DWAE,Dewan Automotive Engineering Limited,0802,AUTOMOBILE PARTS & ACCESSORIES
231080,ATBA,Atlas Battery Limited,0802,AUTOMOBILE PARTS & ACCESSORIES
231130,BWHL,Baluchistan Wheels Limited,0802,AUTOMOBILE PARTS & ACCESSORIES
231135,BELA,Bela Automotives Limited,0802,AUTOMOBILE PARTS & ACCESSORIES
231160,EXIDE,Exide Pakistan Limited,0802,AUTOMOBILE PARTS & ACCESSORIES
231170,GTYR,The General Tyre & Rubber,0802,AUTOMOBILE PARTS & ACCESSORIES
231175,LOADS,Loads Limited,0802,AUTOMOBILE PARTS & ACCESSORIES
241080,JOPP,Johnson & Phillips (Pakistan) Limited,0803,CABLE & ELECTRICAL GOODS
241100,PCAL,Pakistan Cables Limited,0803,CABLE & ELECTRICAL GOODS
241120,PAEL,Pak Elektron Limited,0803,CABLE & ELECTRICAL GOODS
241125,PELPS,Pak Elektron (Pref),0803,CABLE & ELECTRICAL GOODS
241150,TPL,TPL Corp Limited,0828,TECHNOLOGY & COMMUNICATION
241155,TPLT,TPL Trakker Limited,0828,TECHNOLOGY & COMMUNICATION
241170,AVN,Avanceon Limited,0828,TECHNOLOGY & COMMUNICATION
241220,WAVES,Waves Singer Pakistan Limited,0803,CABLE & ELECTRICAL GOODS
241240,SIEM,Siemens (Pakistan) Engineering,0803,CABLE & ELECTRICAL GOODS
241250,SPEL,Synthetic Products Enterprises Limited,0818,MISCELLANEOUS
251000,PNSC,Pakistan National Shipping Corporation,0833,TRANSPORT
251010,PIBTL,Pakistan International Bulk Terminal,0833,TRANSPORT
251020,PICT,Pakistan International Container,0833,TRANSPORT
251040,PIAA,Pakistan International Airlines Corp,0833,TRANSPORT
251060,PIAB,Pakistan International Airlines Corporation Limited,0833,TRANSPORT
261008,HUMNL,Hum Network Limited,0828,TECHNOLOGY & COMMUNICATION
261009,NETSOL,NetSol Technologies Limited,0828,TECHNOLOGY & COMMUNICATION
261010,PAKD,Pak Datacom Limited,0828,TECHNOLOGY & COMMUNICATION
261015,MDTL,Media Times Limited,0828,TECHNOLOGY & COMMUNICATION
261020,SYS,Systems Limited,0828,TECHNOLOGY & COMMUNICATION
261070,PTC,Pakistan Telecommunication Company Ltd,0828,TECHNOLOGY & COMMUNICATION
261073,TRG,TRG Pakistan Limited,0828,TECHNOLOGY & COMMUNICATION
261075,TELE,Telecard Limited,0828,TECHNOLOGY & COMMUNICATION
261088,WTL,Worldcall Telecom Limited,0828,TECHNOLOGY & COMMUNICATION
271160,DAWH,Dawood Hercules Corporation Limited,0813,INV. BANKS / INV. COS. / SECURITIES COS.
271200,ENGRO,Engro Corporation Limited,0809,FERTILIZER
271202,EFERT,Engro Fertilizers Limited,0809,FERTILIZER
271205,FFBL,Fauji Fertilizer Bin Qasim Limited,0809,FERTILIZER
271210,FFC,Fauji Fertilizer Company Limited,0809,FERTILIZER
281000,ABOT,Abbott Laboratories (Pakistan) Limited,0823,PHARMACEUTICALS
281010,AGP,AGP Limited,0823,PHARMACEUTICALS
281220,FEROZ,Ferozsons Laboratories Limited,0823,PHARMACEUTICALS
281240,GLAXO,GlaxoSmithKline Pakistan Limited,0823,PHARMACEUTICALS
281245,GSKCH,GlaxoSmithKline Consumer Healthcare,0823,PHARMACEUTICALS
281250,HINOON,Highnoon Laboratories Limited,0823,PHARMACEUTICALS
281260,SAPL,Sanofi-Aventis Pakistan Limited,0823,PHARMACEUTICALS
281360,OTSU,Otsuka Pakistan Limited,0823,PHARMACEUTICALS
281530,SEARL,The Searle Company Limited,0823,PHARMACEUTICALS
281610,WYETH,Wyeth Pakistan Limited,0823,PHARMACEUTICALS
291020,BAPL,Bawany Air Products Limited,0805,CHEMICAL
291030,BIFO,Biafo Industries Limited,0805,CHEMICAL
291040,BERG,Berger Paints Pakistan Limited,0805,CHEMICAL
291080,BUXL,Buxly Paints Limited,0805,CHEMICAL
291110,ARPL,Archroma Pakistan Limited,0805,CHEMICAL
291120,COLG,Colgate-Palmolive (Pakistan) Limited,0805,CHEMICAL
291130,CTM,Colony Textile Mills Limited,0830,TEXTILE SPINNING
291140,DOL,Descon Oxychem Limited,0805,CHEMICAL
291150,DAAG,Data Agro Limited,0805,CHEMICAL
291175,DYNO,Dynea Pakistan Limited,0805,CHEMICAL
291200,EPCL,Engro Polymer & Chemicals Limited,0805,CHEMICAL
291210,FATIMA,Fatima Fertilizer Company Limited,0809,FERTILIZER
291250,GGL,Ghani Global Holdings Limited,0805,CHEMICAL
291300,ICI,ICI Pakistan Limited,0805,CHEMICAL
291305,ICL,Ittehad Chemicals Limted,0805,CHEMICAL
291340,LPGL,Leiner Pak Gelatine Limited,0805,CHEMICAL
291390,LOTCHEM,Lotte Chemical Pakistan Limited,0805,CHEMICAL
291400,PPVC,Pakistan PVC Limited,0805,CHEMICAL
291450,NICL,Nimir Industrial Chemicals Limited,0805,CHEMICAL
291460,PAKOXY,Pakistan Oxygen Limited,0805,CHEMICAL
291470,NRSL,Nimir Resins Limited,0805,CHEMICAL
291525,SARC,Sardar Chemical Industries Limited,0805,CHEMICAL
291535,SHCI,Shaffi Chemical Industries Limited,0805,CHEMICAL
291560,SITC,Sitara Chemical Industries Limited,0805,CHEMICAL
291565,SPL,Sitara Peroxide Limited,0805,CHEMICAL
291600,WAHN,Wah Noble Chemicals Limited,0805,CHEMICAL
300980,ABSON,Abson Industries Limited,0822,PAPER & BOARD
301040,BPBL,Balochistan Particle Board Limited,0822,PAPER & BOARD
301060,CEPB,Century Paper & Board Mills Limited,0822,PAPER & BOARD
301070,CPPL,Cherat Packaging Limited,0822,PAPER & BOARD
301110,DBSL,Dadabhoy Sack Limited,0822,PAPER & BOARD
301120,MERIT,Merit Packaging Limited,0822,PAPER & BOARD
301160,PKGS,Packages Limited,0822,PAPER & BOARD
301180,PPP,Pakistan Paper Products Limited,0822,PAPER & BOARD
301182,RPL,Roshan Packages Limited,0822,PAPER & BOARD
301220,SEPL,Security Papers Limited,0822,PAPER & BOARD
311040,EXTR,Extraction (Pakistan) Limited,0834,VANASPATI & ALLIED INDUSTRIES
311160,MOIL,Morafco Industries Limited,0834,VANASPATI & ALLIED INDUSTRIES
311200,POML,Punjab Oil Mills Limited,0834,VANASPATI & ALLIED INDUSTRIES
311210,SSOM,S.S.Oil Mills Limited,0834,VANASPATI & ALLIED INDUSTRIES
311260,SURAJ,Suraj Ghee Industries Limited,0834,VANASPATI & ALLIED INDUSTRIES
321000,BATA,Bata Pakistan Limited,0816,LEATHER & TANNERIES
321010,FIL,Fateh Industries Limited,0816,LEATHER & TANNERIES
321030,LEUL,Leather Up Limited,0816,LEATHER & TANNERIES
321060,PAKL,Pak Leather Crafts Limited,0816,LEATHER & TANNERIES
321085,SRVI,Service Industries Limited,0816,LEATHER & TANNERIES
331050,ASC,Al Shaheer Corporation Limited,0810,FOOD & PERSONAL CARE PRODUCTS
331055,PREMA,At-Tahur Limited,0810,FOOD & PERSONAL CARE PRODUCTS
331060,CLOV,Clover Pakistan Limited,0810,FOOD & PERSONAL CARE PRODUCTS
331070,GLPL,Gillette Pakistan Limited,0810,FOOD & PERSONAL CARE PRODUCTS
331080,GIL,Good Luck Industries Ltd.,0810,FOOD & PERSONAL CARE PRODUCTS
331090,IBLHL,IBL HealthCare Limited,0823,PHARMACEUTICALS
331092,MACTER,Macter International Limited,0823,PHARMACEUTICALS
331120,ISIL,Ismail Industries Limited,0810,FOOD & PERSONAL CARE PRODUCTS
331125,MFL,Matco Foods Limited,0810,FOOD & PERSONAL CARE PRODUCTS
331160,NESTLE,Nestle Pakistan Limited,0810,FOOD & PERSONAL CARE PRODUCTS
331170,MFFL,Mitchell's Fruit Farms Limited,0810,FOOD & PERSONAL CARE PRODUCTS
331200,MUREB,Murree Brewery Company Limited,0810,FOOD & PERSONAL CARE PRODUCTS
331220,NATF,National Foods Limited,0810,FOOD & PERSONAL CARE PRODUCTS
331240,FFL,Fauji Foods Limited,0810,FOOD & PERSONAL CARE PRODUCTS
331290,QUICE,Quice Food Industries Limited,0810,FOOD & PERSONAL CARE PRODUCTS
331295,UPFL,Unilever Pakistan Foods Limited,0810,FOOD & PERSONAL CARE PRODUCTS
331300,RMPL,Rafhan Maize Products Company Limited,0810,FOOD & PERSONAL CARE PRODUCTS
331310,NMFL,Nirala MSR Foods Limited,0810,FOOD & PERSONAL CARE PRODUCTS
331320,SHEZ,Shezan International Limited,0810,FOOD & PERSONAL CARE PRODUCTS
331325,TOMCL,The Organic Meat Company Limited,0810,FOOD & PERSONAL CARE PRODUCTS
331420,SCL,Shield Corporation Limited,0810,FOOD & PERSONAL CARE PRODUCTS
331440,TREET,Treet Corporation Limited,0810,FOOD & PERSONAL CARE PRODUCTS
331523,ZIL,ZIL Limited,0810,FOOD & PERSONAL CARE PRODUCTS
341000,BGL,Balochistan Glass Limited,0811,GLASS & CERAMICS
341040,EMCO,Emco Industries Limited,0803,CABLE & ELECTRICAL GOODS
341060,FRCL,Frontier Ceramics Limited,0811,GLASS & CERAMICS
341065,GHGL,Ghani Glass Limited,0811,GLASS & CERAMICS
341066,GGGL,Ghani Global Glass Limited,0811,GLASS & CERAMICS
341067,GVGL,Ghani Value Glass Limited,0811,GLASS & CERAMICS
341070,KCL,Karam Ceramics Limited,0811,GLASS & CERAMICS
341100,TGL,Tariq Glass Industries Limited,0811,GLASS & CERAMICS
341140,REGAL,Regal Ceramics Limited,0811,GLASS & CERAMICS
341160,STCL,Shabbir Tiles & Ceramics Limited,0811,GLASS & CERAMICS
351000,GAMON,Gammon Pakistan Limited,0818,MISCELLANEOUS
351010,AKGL,Al-Khair Gadoon Limited,0818,MISCELLANEOUS
351020,HADC,Haydari Construction Company Limited,0818,MISCELLANEOUS
351021,ARPAK,Arpak International Investments Ltd.,0818,MISCELLANEOUS
351022,MACFL,MACPAC Films Limited,0818,MISCELLANEOUS
351025,DIIL,Diamond Industries Limited,0818,MISCELLANEOUS
351050,ECOP,Ecopack Limited,0818,MISCELLANEOUS
351060,DCTL,Dadabhoy Construction Technology Limited,0818,MISCELLANEOUS
351080,GOC,GOC (Pak) Limited.,0818,MISCELLANEOUS
351120,HACC,Hashimi Can Company Limited,0818,MISCELLANEOUS
351185,MWMP,Mandviwala Mauser Plastic Industries,0818,MISCELLANEOUS
351187,PACE,Pace (Pakistan) Limited,0818,MISCELLANEOUS
351210,PHDL,Pakistan Hotels Developers Limited,0818,MISCELLANEOUS
351240,PSEL,Pakistan Services Limited,0818,MISCELLANEOUS
351260,AKDCL,AKD Capital Limited,0818,MISCELLANEOUS
351270,SHFA,Shifa International Hospitals Limited,0818,MISCELLANEOUS
351275,STPL,Siddiqsons Tin Plate Limited,0818,MISCELLANEOUS
351276,TPLP,TPL Properties Limited,0818,MISCELLANEOUS
351450,TRIPF,Tri-Pack Films Limited,0818,MISCELLANEOUS
351480,UBDL,United Brands Limited,0818,MISCELLANEOUS
351500,UDPL,United Distributors Pakistan Limited,0818,MISCELLANEOUS
400074,MCB-CMAR,MCB-CMAR,40,FUTURE CONTRACTS
400107,MCB-CMAY,MCB-CMAY,40,FUTURE CONTRACTS
400147,MCB-CAPR,MCB-CAPR,40,FUTURE CONTRACTS
400847,NCL-OCTB,Nishat (Chunian) Limited.,40,FUTURE CONTRACTS
421343,AWWAL,Awwal Modaraba,0819,MODARABAS
460000,DCR,Dolmen City REIT,0836,REAL ESTATE INVESTMENT TRUST
